Tujuan Kab/Kota/Kec;Tujuan ID Kantor;Tarif per Kg Berikutnya;Tarif 10 Kg;SWP
BANDAACEH;23000;14000;140000;7-14
INDRAPURI;23363;15000;150000;7-14
LAMNO;23657;15000;150000;7-14
SABANG;23500;19000;190000;7-14
MEULABOH;23600;16250;162500;7-14
ALURBILIE;23662;17250;172500;7-14
KAMPUNGAIE;23694;21250;212500;7-14
TAPAKTUAN;23700;16000;160000;7-14
BLANGPIDIE;23764;17000;170000;7-14
PULAUBANYAK;23791;17000;170000;7-14
SUBULUSSALAM;23782;17000;170000;7-14
SIGLI;24100;15750;157500;7-14
LUENGPUTU;24184;16750;167500;7-14
LHOKSEUMAWE;24300;15750;157500;7-14
ALUEIEPUTEH;24392;16750;167500;7-14
ANGKUP;24562;16750;167500;7-14
BIREUEN;24200;16750;167500;7-14
JANARATA;24582;16750;167500;7-14
KUTACANE;24600;15750;157500;7-14
BLANGKEJEREN;24653;16750;167500;7-14
MEDAN;20000;13250;132500;7-14
BANDARBARU;20357;14250;142500;7-14
LANGSA;24400;16000;160000;7-14
BAYEUN;24452;17000;170000;7-14
BENDAHARA;24472;17000;170000;7-14
TEBINGTINGGIDELI;20600;14000;140000;7-14
BANDARKHALIPAH;20994;15000;150000;7-14
BINJAI;20700;14000;140000;7-14
BATANGSERANGAN;20883;15000;150000;7-14
PEMATANGSIANTAR;21100;14000;140000;7-14
BAHJAMBI;21153;15000;150000;7-14
KISARAN;21200;14500;145000;7-14
INDRAPURA;21256;15500;155000;7-14
TANJUNGBALAI;21300;15500;155000;7-14
TANJUNGLEIDONG;21475;15500;155000;7-14
RANTAUPRAPAT;21400;14500;145000;7-14
AEKKANOPAN;21457;15500;155000;7-14
KOTAPINANG;21464;15500;155000;7-14
MERBAU;21452;15500;155000;7-14
KABANJAHE;22100;14000;140000;7-14
BUNTURAJA;22261;15000;150000;7-14
SALAK;22272;15000;150000;7-14
BALIGE;22300;14500;145000;7-14
AMBARITA;22395;19500;195000;7-14
NAINGGOLAN;22394;19500;195000;7-14
TARUTUNG;22400;14000;140000;7-14
DOLOKSANGGUL;22457;15000;150000;7-14
SIBOLGA;22500;14000;140000;7-14
BARUS;22564;15000;150000;7-14
PADANGSIDEMPUAN;22700;14000;140000;7-14
BATANGTORU;22738;15000;150000;7-14
BINANGA;22755;15000;150000;7-14
GUNUNGTUA;22753;15000;150000;7-14
KAYULAUT;22952;15000;150000;7-14
GUNUNGSITOLI;22800;20250;202500;7-14
HILIWETO;22871;21250;212500;7-14
LAHEWA;22853;21250;212500;7-14
SIROMBU;22863;21250;212500;7-14
TELUKDALAM;22865;21250;212500;7-14
PADANG;25000;11250;112500;7-14
MUARASIBERUT;25393;16250;162500;7-14
MUARASIKABALUAN;25394;16250;162500;7-14
SIKAKAP;25391;16250;162500;7-14
SIOBAN;25392;16250;162500;7-14
TUAPEJAT;25700;16250;162500;7-14
PARIAMAN;25500;11750;117500;7-14
KAMPUNGDALAM;25552;12750;127500;7-14
PAINAN;25600;11750;117500;7-14
BUKITTINGGI;26100;11750;117500;7-14
BASO;26192;12750;127500;7-14
PAYAKUMBUH;26200;11750;117500;7-14
DANGUNGDANGUNG;26253;12750;127500;7-14
LUBUKSIKAPING;26300;11750;117500;7-14
AIRBANGIS;26373;12750;127500;7-14
PADANGPANJANG;27100;11750;117500;7-14
BATUSANGKAR;27200;12750;127500;7-14
SOLOK;27300;11750;117500;7-14
ALAHANPANJANG;27371;12750;127500;7-14
LUBUKGADANG;27778;12750;127500;7-14
SAWAHLUNTO;27400;11750;117500;7-14
KOTOBARU;27681;12750;127500;7-14
MUAROBODIPALANGKI;27561;12750;127500;7-14
PEKANBARU;28000;10500;105000;7-14
MINAS;28885;11500;115000;7-14
PANGKALANKERINCI;28300;11500;115000;7-14
BANGKINANG;28500;11000;110000;7-14
DALUDALU;28558B1;12000;120000;7-14
DUMAI;28800;11000;110000;7-14
BAGANBATU;28992;12000;120000;7-14
BATUPANJANG;28781;16000;160000;7-14
BENGKALIS;28700;16000;160000;7-14
SELATPANJANG;28753;16000;160000;7-14
SUNGAIPAKNING;28761;16000;160000;7-14
TELUKBELITUNG;28752;16000;160000;7-14
BANTAN;28754B1;16000;160000;7-14
TEMBILAHAN;29200;11250;112500;7-14
KHAIRIAHMANDAH;29254;16250;162500;7-14
KOTABARUSEBERIDA;29274;16250;162500;7-14
KUALAENOK;29271;16250;162500;7-14
KUALALAHANG;29282;16250;162500;7-14
PULAUBURUNG;29256;16250;162500;7-14
PULAUKIJANG;29273;16250;162500;7-14
SAPAT;29281;16250;162500;7-14
SUNGAIGUNTUNG;29255;16250;162500;7-14
RENGAT;29300;11000;110000;7-14
BASERAH;29361;12000;120000;7-14
TANJUNGPINANG;29100;6500;65000;7-14
DABOSINGKEP;29871;18000;180000;7-14
KIJANG;29151;18000;180000;7-14
LETUNG;29792;18000;180000;7-14
MIDAI;29784;18000;180000;7-14
RANAI;29783;18000;180000;7-14
SEDANAU;29782;18000;180000;7-14
SENAYANG;29873;18000;180000;7-14
SERASAN;29781;18000;180000;7-14
TAMBELAN;29193;18000;180000;7-14
TEREMPA;29791;18000;180000;7-14
PALMATAK;29997B1;18000;180000;7-14
BATAM;29400;4000;40000;7-14
MERAL;29664;6500;65000;7-14
MORO;29663;6500;65000;7-14
TANJUNGBATU;29662;6500;65000;7-14
JAMBI;36000;12250;122500;7-14
BAJUBANG;36652;13250;132500;7-14
DENDANG;36563;13250;132500;7-14
KUALATUNGKAL;36500;13250;132500;7-14
KUMPEH;36371;13250;132500;7-14
SUNGAIPENUH;37100;13500;135000;7-14
HIANG;37171;14500;145000;7-14
MUARABUNGO;37200;13500;135000;7-14
ALAIILIR;37256;14500;145000;7-14
BANGKO;37300;14500;145000;7-14
LIMUN;37383;14500;145000;7-14
BENGKULU;38000;14000;140000;7-14
AIRSEBAKUL;38381;15000;150000;7-14
ARGAMAKMUR;38600;15000;150000;7-14
BINTUHAN;38563;15000;150000;7-14
CAHAYANEGERI;38577;15000;150000;7-14
KEDURANG;38557;15000;150000;7-14
LUBUKPINANG;38367;15000;150000;7-14
CURUP;39100;14500;145000;7-14
KEPAHIANG;39172;15500;155000;7-14
MUARAAMAN;39164;15500;155000;7-14
PALEMBANG;30000;12750;127500;7-14
AIRSALEH;30773;13750;137500;7-14
AIRSUGIHANKANAN;30656;13750;137500;7-14
BABATSUMATERA;30752;13750;137500;7-14
INDRALAYA;30662;13750;137500;7-14
LUBUKLINGGAU;31600;14500;145000;7-14
AIRBELITI;31664;15500;155000;7-14
BINGINTELUK;31655;15500;155000;7-14
PRABUMULIH;31100;14000;140000;7-14
GELUMBANG;31171;15000;150000;7-14
PENDOPO;31211;15000;150000;7-14
MUARAENIM;31300;14500;145000;7-14
LAHAT;31400;14500;145000;7-14
MUARAPINANG;31592;15500;155000;7-14
PAGARALAM;31500;15500;155000;7-14
BATURAJA;32100;14500;145000;7-14
BELITANG;32182;15500;155000;7-14
MUARADUAKISAM;32172;15500;155000;7-14
PANGKALPINANG;33100;14500;145000;7-14
BATURUSA;33172;15500;155000;7-14
KELAPA;33364;15500;155000;7-14
KOBA;33181;15500;155000;7-14
PAYUNG;33178;15500;155000;7-14
TANJUNGPANDAN;33400;16250;162500;7-14
GANTUNG;33462;17250;172500;7-14
BANDARLAMPUNG;35000;12750;127500;7-14
AMBARAWALAMPUNG;35376;13750;137500;7-14
BAKAUHENI;35592;13750;137500;7-14
GADINGREJO;35372;13750;137500;7-14
GEDONGTATAAN;35371;13750;137500;7-14
GISTING;35378;13750;137500;7-14
METRO;34100;13750;137500;7-14
BANDARAGUNG;34163;14750;147500;7-14
BATANGHARI;34181;14750;147500;7-14
KOTABUMI;34500;14000;140000;7-14
BANJIT;34566;15000;150000;7-14
DAYAMURNI;34592;15000;150000;7-14
DWIWARGATUNGGALJAYA;34595;15000;150000;7-14
KENALI;34572;15000;150000;7-14
KRUI;34574;15000;150000;7-14
SIMPANGPEMATANG;34598;15000;150000;7-14
JAKARTA CENTRUM;10000;13500;135000;7-14
KANTORFILATELIJAKARTA;10700;13500;135000;7-14
JAKARTA OCEANIA;11000;13500;135000;7-14
JAKARTA FLORA;12000;13500;135000;7-14
JAKARTA PREMIER;13000;12750;127500;7-14
PULAUSERIBU;14530;17750;177500;7-14
TANGERANG;15000;13500;135000;7-14
BALARAJA;15610;14500;145000;7-14
TANGERANGSELATAN;15400;13500;135000;7-14
BOGOR;16000;13500;135000;7-14
CIAMPEA;16620;14500;145000;7-14
DEPOK;16400;13500;135000;7-14
CIBINONG;16900;13500;135000;7-14
BEKASI;17000;13500;135000;7-14
BABELAN;17610;14500;145000;7-14
CIKARANG;17500;13500;135000;7-14
SERANG;42100;14000;140000;7-14
BAROS;42173;15000;150000;7-14
PANDEGLANG;42200;14500;145000;7-14
RANGKASBITUNG;42300;14500;145000;7-14
CILEGON;42400;14250;142500;7-14
BANDUNG;40000;13500;135000;7-14
UJUNGBERUNG;40100;14250;142500;7-14
CIMAHI;40500;14750;147500;7-14
SOREANG;40900;14750;147500;7-14
PURWAKARTA;41100;14750;147500;7-14
SUBANG;41200;14750;147500;7-14
KARAWANG;41300;14250;142500;7-14
SUKABUMI;43100;14750;147500;7-14
BOJONGLOPANG;43171;15750;157500;7-14
CIANJUR;43200;14750;147500;7-14
GARUT;44100;14750;147500;7-14
SUMEDANG;45300;14750;147500;7-14
TASIKMALAYA;46100;14750;147500;7-14
BANTARKALONG;46187;15750;157500;7-14
CIAMIS;46200;14750;147500;7-14
BANJAR;46300;14750;147500;7-14
CIJULANG;46394;15750;157500;7-14
CIREBON;45100;13750;137500;7-14
ARJAWINANGUN;45162;14750;147500;7-14
INDRAMAYU;45200;14750;147500;7-14
MAJALENGKA;45400;14750;147500;7-14
KUNINGAN;45500;14750;147500;7-14
SEMARANG;50000;15000;150000;7-14
DEMAK;59500;16000;160000;7-14
UNGARAN;50500;16000;160000;7-14
SALATIGA;50700;17750;177500;7-14
PEKALONGAN;51100;14750;147500;7-14
BANDARSIDAYU;51254;15750;157500;7-14
BOJONG PEKALONGAN;51156;15750;157500;7-14
KENDAL;51300;16000;160000;7-14
TEGAL;52100;15250;152500;7-14
ADIWERNA;52194;16250;162500;7-14
BREBES;52200;16000;160000;7-14
PEMALANG;52300;16000;160000;7-14
PURWODADIGROBOGAN;58100;16000;160000;7-14
BLORA;58200;16000;160000;7-14
PATI;59100;16000;160000;7-14
BULU;59255;17000;170000;7-14
KUDUS;59300;16000;160000;7-14
JEPARA;59400;16000;160000;7-14
KARIMUNJAWA;59455;21000;210000;7-14
YOGYAKARTA;55000;14500;145000;7-14
BANGUNTAPAN;55197;15500;155000;7-14
BERBAH;55573;15500;155000;7-14
PURWOREJO;54100;16000;160000;7-14
KLATEN;57400;15250;152500;7-14
WATESYOGYA;55600;15250;152500;7-14
BANTUL;55700;15250;152500;7-14
WONOSARIYOGYA;55800;15250;152500;7-14
PURWOKERTO;53100;15500;155000;7-14
KEBUMEN;54300;16000;160000;7-14
CILACAP;53200;16000;160000;7-14
PURBALINGGA;53300;16000;160000;7-14
MAGELANG;56100;15250;152500;7-14
BANDONGAN;56151;16250;162500;7-14
BANJARNEGARA;53400;16000;160000;7-14
TEMANGGUNG;56200;16000;160000;7-14
WONOSOBO;56300;16000;160000;7-14
SOLO;57100;14000;140000;7-14
SRAGEN;57200;15250;152500;7-14
BOYOLALI;57300;15250;152500;7-14
SUKOHARJO;57500;15250;152500;7-14
WONOGIRI;57600;15250;152500;7-14
KARANGANYAR;57700;15250;152500;7-14
SURABAYA;60000;14500;145000;14-21
SURABAYA SELATAN;60300;15000;150000;14-21
GRESIK;61100;15250;152500;14-21
BAWEAN;61181;20250;202500;14-21
SIDOARJO;61200;15250;152500;14-21
MOJOKERTO;61300;15250;152500;14-21
BANGSAL;61381;16250;162500;14-21
JOMBANG;61400;15250;152500;14-21
BOJONEGORO;62100;15250;152500;14-21
LAMONGAN;62200;15250;152500;14-21
TUBAN;62300;15250;152500;14-21
MADIUN;63100;15000;150000;14-21
BALEREJO;63152;16000;160000;14-21
NGAWI;63200;15250;152500;14-21
MAGETAN;63300;15250;152500;14-21
PONOROGO;63400;15250;152500;14-21
PACITAN;63500;15250;152500;14-21
KEDIRI;64100;15250;152500;14-21
PARE;64200;15250;152500;14-21
NGANJUK;64400;15250;152500;14-21
BLITAR;66100;15250;152500;14-21
TULUNGAGUNG;66200;15250;152500;14-21
TRENGGALEK;66300;15250;152500;14-21
PASURUAN;67100;15250;152500;14-21
BANGIL;67153;16250;162500;14-21
PROBOLINGGO;67200;15000;150000;14-21
BANTARAN;67261;16000;160000;14-21
LUMAJANG;67300;15250;152500;14-21
JEMBER;68100;15250;152500;14-21
BONDOWOSO;68200;15000;150000;14-21
SITUBONDO;68300;15250;152500;14-21
BANYUWANGI;68400;15250;152500;14-21
BANGKALAN;69100;15250;152500;14-21
SAMPANG;69200;15250;152500;14-21
PAMEKASAN;69300;15250;152500;14-21
SUMENEP;69400;15250;152500;14-21
ARJASA;69491;20250;202500;14-21
GAYAM;69483;20250;202500;14-21
GILIGENTING;69482;20250;202500;14-21
MASALEMBU;69492;20250;202500;14-21
SAPEKEN;69493;20250;202500;14-21
RAAS;69485B1;20250;202500;14-21
MALANG;65100;15250;152500;14-21
AMPELGADING;65183;16250;162500;14-21
BATU;65300;15250;152500;14-21
BANJARMASIN;70000;18000;180000;21-28
ANJIRMUARA;70564;19000;190000;21-28
BANJARBARU;70700;17000;170000;21-28
ALUHALUH;70655;18000;180000;21-28
BATIBATI;70852;18000;180000;21-28
KANDANGAN;71200;20500;205000;21-28
BINUANG;71183;21500;215000;21-28
AMUNTAI;71400;20500;205000;21-28
AWAYAN;71664;21500;215000;21-28
BARABAI;71300;21500;215000;21-28
HARUAI;71572;21500;215000;21-28
BATULICIN;72200;20500;205000;21-28
BERANGASKOTABARU;72152;21500;215000;21-28
PALANGKARAYA;73000;20750;207500;21-28
ANJIRSERAPAT;73581;21750;217500;21-28
BAHAUR;73572;21750;217500;21-28
KASUNGAN;74400;21750;217500;21-28
KUALAKURUN;74500;21750;217500;21-28
PEGATANMENDAWAI;74463;25750;257500;21-28
BUNTOK;73700;23500;235000;21-28
AMPAH;73652;28500;285000;21-28
BANGKUANG;73761;28500;285000;21-28
JENAMAS;73763;28500;285000;21-28
LAHEI;73852;24500;245000;21-28
MENGKATIP;73762;28500;285000;21-28
MUARALAUNG;73991;24500;245000;21-28
MUARATEWEH;73800;28500;285000;21-28
PENDANG;73752;28500;285000;21-28
PURUKCAHU;73900;28500;285000;21-28
TAMIANGLAYANG;73600;28500;285000;21-28
PANGKALANBUN;74100;20750;207500;21-28
BALAIRIAM;74173;21750;217500;21-28
NANGABULIK;74162;21750;217500;21-28
SAMPIT;74300;21500;215000;21-28
CEMPAKAMULIA;74354;26500;265000;21-28
KOTABESI;74353;26500;265000;21-28
KUALAKUAYAN;74356;31500;315000;21-28
KUALAPEMBUANG;74200;31500;315000;21-28
PARENGGEAN;74355;26500;265000;21-28
PEMBUANGHULU;74271;26500;265000;21-28
SAMUDA;74363;26500;265000;21-28
PUNDU;74341B1;26500;265000;21-28
SEBABI;74352B1;26500;265000;21-28
BALIKPAPAN;76100;19500;195000;21-28
BATUKAJANG;76252;20500;205000;21-28
KENANGAN;76146;20500;205000;21-28
SAMARINDA;75000;20250;202500;21-28
ANGGANA;75381;21250;212500;21-28
BATUTIMBAU;75554;21250;212500;21-28
BONTANG;75300;21250;212500;21-28
MUARAWAHAU;75655;26250;262500;21-28
SANGATTA;75600;26250;262500;21-28
SWARGABARA;75611;26250;262500;21-28
KONGBENG;75657;26250;262500;21-28
BENGALON;75653B1;26250;262500;21-28
TELUKPANDAN;75651B1;26250;262500;21-28
TANJUNGREDEB;77300;21750;217500;21-28
TENGGARONG;75500;20750;207500;21-28
BARONGTONGKOK;75576;21750;217500;21-28
MUARAMUNTAI;75562;25750;257500;21-28
TARAKAN;77100;20750;207500;21-28
ATAP;77153;25750;257500;21-28
LONGBAWAN;77156;25750;257500;21-28
MENSALONG;77457;25750;257500;21-28
SUNGAINYAMUK;77183;25750;257500;21-28
SEBUKU;77491;25750;257500;21-28
NUNUKAN;77182;25750;257500;21-28
TANJUNGSELOR;77000;23000;230000;21-28
MALINAU;77511B1;28000;280000;21-28
LONGLOREH;77553B1;28000;280000;21-28
PULAUSAPI;77555B1;28000;280000;21-28
PULAUBUNYU;77281B1;28000;280000;21-28
SALIMBATU;77253B1;33000;330000;21-28
MALINAUSEBERANG;77557B1;28000;280000;21-28
TANJUNGPALAS;77252B1;33000;330000;21-28
TIDENGPALE;77611B1;28000;280000;21-28
PONTIANAK;78000;18000;180000;21-28
DARIT;78364;19000;190000;21-28
MEMPAWAH;78900;19000;190000;21-28
KUBU;78384;19000;190000;21-28
SANGGAU;78500;20750;207500;21-28
SEKADAU;78582;21750;217500;21-28
SINTANG;78600;21250;212500;21-28
BADAU;78767;22250;222500;21-28
KOTABARUSINTANG;78674;22250;222500;21-28
KETAPANG;78800;21500;215000;21-28
SUKADANAKALIMANTAN;78852;22500;225000;21-28
SINGKAWANG;79100;20000;200000;21-28
BENGKAYANG;79200;21000;210000;21-28
JAWAI;79454;21000;210000;21-28
MANADO;95000;27750;277500;21-28
AIRMADIDI;95371;28750;287500;21-28
AMURANG;95354;28750;287500;21-28
BELANG;95697;28750;287500;21-28
BEO;95881;28750;287500;21-28
BITUNG;95500;28750;287500;21-28
ERIS;95683;28750;287500;21-28
MANGANITU;95853;28750;287500;21-28
ONDONG;95862;28750;287500;21-28
TAGULANDANG;95863;32750;327500;21-28
TAHUNA;95800;32750;327500;21-28
TAMAKO;95855;32750;327500;21-28
TOMOHON;95400;28750;287500;21-28
ULUSIAU;95861;32750;327500;21-28
KOTAMOBAGU;95700;30000;300000;21-28
BINTAUNA;95763;31000;310000;21-28
BOLAANGITANG;95764;31000;310000;21-28
MODAYAG;95781;31000;310000;21-28
MOLIBAGU;95774;31000;310000;21-28
GORONTALO;96100;29000;290000;21-28
ATINGGOLA;96253;30000;300000;21-28
BATUDAA;96271;30000;300000;21-28
PAGUYAMAN;96261;30000;300000;21-28
LEMITO;96267;30000;300000;21-28
SUWAWA;96184;30000;300000;21-28
PALU;94000;21750;217500;21-28
AMPANA;94683;22750;227500;21-28
AMPIBABO;94374;22750;227500;21-28
BANGKIR;94554;22750;227500;21-28
BETELEME;94666;22750;227500;21-28
BINANGGA;94362;22750;227500;21-28
DONGGALA;94351;22750;227500;21-28
KASIGUNCU;94652;22750;227500;21-28
KOLONEDALE;94671;22750;227500;21-28
LEOK;94564;22750;227500;21-28
KENDARI;93000;24500;245000;21-28
ABUKI;93452;25500;255000;21-28
AMBAIPUA;93372;25500;255000;21-28
ANAIWOI;93563;25500;255000;21-28
BOEPINANG;93772;25500;255000;21-28
KAMBARA;93653;29500;295000;21-28
LADONGI;93573;25500;255000;21-28
LANGARA;93393;29500;295000;21-28
LASEHAO;93661;29500;295000;21-28
LASUSUA;93553;25500;255000;21-28
RAHA;93600;29500;295000;21-28
SIKELI;93781;29500;295000;21-28
TINOBU;93352;25500;255000;21-28
WAKURU;93662;29500;295000;21-28
MAKASSAR;90000;21000;210000;21-28
BANTIMURUNG;90561;22000;220000;21-28
BORONGLOE;92172;22000;220000;21-28
BUNGORO;90651;22000;220000;21-28
TAKALAR;92200;22000;220000;21-28
BAUBAU;93700;24250;242500;21-28
BANABUNGI;93754;25250;252500;21-28
BINONGKO;93794;25250;252500;21-28
EREKE;93672;25250;252500;21-28
LOMBE;93761;25250;252500;21-28
SAMPOLAWA;93753;25250;252500;21-28
LUWUK;94700;24000;240000;21-28
BANGGAI;94791;25000;250000;21-28
SALAKAN;94785;25000;250000;21-28
PAREPARE;91100;22000;220000;21-28
AMPARITA;91671;23000;230000;21-28
BARRU;90700;23000;230000;21-28
CAKKE;91752;23000;230000;21-28
MATTIROSOMPE;91261;23000;230000;21-28
MAMUJU;91500;20750;207500;21-28
CAMPALAGIAN;91353;21750;217500;21-28
MAJENE;91400;21750;217500;21-28
MAMASA;91362;21750;217500;21-28
PASANGKAYU;91571;21750;217500;21-28
TOPOYO;91564;21750;217500;21-28
PALOPO;91900;23500;235000;21-28
BATUSITANDUK;91951;24500;245000;21-28
BONEBONE;91966;24500;245000;21-28
KALAENAKIRI-II;91974;24500;245000;21-28
MAKALE;91800;24500;245000;21-28
RANTEPAO;91890;24500;245000;21-28
BULUKUMBA;92500;22500;225000;21-28
ALLU;92352;23500;235000;21-28
BANTAENG;92400;23500;235000;21-28
BIKERU;92661;23500;235000;21-28
SELAYAR;92800;23500;235000;21-28
BONTOSIKUYU;92855B1;27500;275000;21-28
WATAMPONE;92700;22000;220000;21-28
BATUBATU;90852;23000;230000;21-28
PARIA;90991;23000;230000;21-28
AMBON;97000;27000;270000;21-28
AIRBUAYA;97572;28000;280000;21-28
AMAHAI;97552;28000;280000;21-28
BULA;97555;28000;280000;21-28
KAIRATU;97566;28000;280000;21-28
LEKSULA;97573;28000;280000;21-28
TUAL;97600;37750;377500;21-28
DOBO;97662;38750;387500;21-28
ELAT;97661;38750;387500;21-28
LARAT;97663;38750;387500;21-28
TERNATE;97700;28500;285000;21-28
MANGOLE;97796;29500;295000;21-28
GALELA;97761;29500;295000;21-28
GEBE;97855;29500;295000;21-28
JAILOLO;97752;29500;295000;21-28
LABUHA;97791;29500;295000;21-28
MABA;97862;29500;295000;21-28
MOROTAI;97771;29500;295000;21-28
PAYAHE;97852;29500;295000;21-28
DENPASAR;80000;15750;157500;21-28
BLAHKIUH;80352;16750;167500;21-28
GIANYAR;80500;16000;160000;21-28
ABANG;80852;17000;170000;21-28
BANGLI;80600;17000;170000;21-28
BANJARANGKAN;80752;17000;170000;21-28
SINGARAJA;81100;17250;172500;21-28
TABANAN;82100;17250;172500;21-28
GILIMANUK;82253;18250;182500;21-28
MATARAM;83000;19000;190000;21-28
ANYAR;83354;20000;200000;21-28
BATUJAI;83572;20000;200000;21-28
GERUNG;83363;20000;200000;21-28
SELONG;83600;18500;185000;21-28
BIMA;84100;19000;190000;21-28
BAJO;84162;20000;200000;21-28
DOMPU;84200;20000;200000;21-28
SUMBAWABESAR;84300;18500;185000;21-28
JEREWEH;84356;19500;195000;21-28
KUPANG;85000;22500;225000;21-28
BAA;85971;23500;235000;21-28
BARANUSA;85882;23500;235000;21-28
BOLOU;85392;23500;235000;21-28
CAMPLONG;85363;23500;235000;21-28
SOE;85500;24750;247500;21-28
KEFAMENANU;85600;25750;257500;21-28
ATAMBUA;85700;24750;247500;21-28
BESIKAMA;85763;25750;257500;21-28
MAUMERE;86100;27750;277500;21-28
BORU;86253;28750;287500;21-28
LEWOLEBA;86600;28750;287500;21-28
ENDE;86300;27750;277500;21-28
AESESA;86472;28750;287500;21-28
AIMERE;86452;28750;287500;21-28
KOMODO;86700;29000;290000;21-28
RUTENG;86511B1;30000;300000;21-28
BORONG;86811B1;30000;300000;21-28
WAINGAPU;87100;24750;247500;21-28
ELOPADA;87252;25750;257500;21-28
WAIBAKUL;87300;25750;257500;21-28
WAIKABUBAK;87200;25750;257500;21-28
JAYAPURA;99000;30250;302500;21-28
ARSO;99368;35250;352500;21-28
DEMTA;99354;35250;352500;21-28
DEPAPRE;99353;35250;352500;21-28
GENYEM;99361;35250;352500;21-28
LEREH;99364;35250;352500;21-28
SARMI;99373;40250;402500;21-28
WAMENA;99500;40250;402500;21-28
YAHUKIMO;99047B1;40250;402500;21-28
PEGUNUNGANBINTANG;99573B1;40250;402500;21-28
ABEPURA;99351;35250;352500;21-28
NABIRE;98800;47500;475000;21-28
KCP ENAROTALI;98700;57500;575000;21-28
MOANEMANI;98862;57500;575000;21-28
KCP MULIA;98900;57500;575000;21-28
KCP WAGHETE;98784B1;57500;575000;21-28
KCP MAKIMI;98842B1;57500;575000;21-28
BIAK;98100;32000;320000;21-28
BOSNIK;98152;37000;370000;21-28
SERUI;98200;42000;420000;21-28
WAREN;98261;42000;420000;21-28
YEMBURWO;98171;37000;370000;21-28
MANOKWARI;98300;30750;307500;21-28
BABO;98363;35750;357500;21-28
BINTUNI;98364;40750;407500;21-28
ORANSBARI;98353;35750;357500;21-28
PRAFI;98356;35750;357500;21-28
RANSIKI;98355;35750;357500;21-28
WARMARE;98352;35750;357500;21-28
WASIOR;98362;40750;407500;21-28
SORONG;98400;28000;280000;21-28
AIMAS;98418;29000;290000;21-28
FAKFAK;98600;38000;380000;21-28
KAIMANA;98654;38000;380000;21-28
SORONGDOOM;98451;33000;330000;21-28
TEMINABUAN;98454;33000;330000;21-28
RAJAAMPAT;98481B1;33000;330000;21-28
MERAUKE;99600;34500;345000;21-28
AGATS;99677;39500;395000;21-28
BADE;99653;44500;445000;21-28
KEPI;99671;44500;445000;21-28
KIMAAM;99655;39500;395000;21-28
KURIK;99656;39500;395000;21-28
MINDIPTANA;99662;39500;395000;21-28
TANAHMERAH;99663;39500;395000;21-28
ASIKI;99661B1;44500;445000;21-28
TANAHMIRING;99692B1;44500;445000;21-28
TIMIKA;99900;42000;420000;21-28
KUALAKENCANA;99920;47000;470000;21-28
TEMBAGAPURA;99930;47000;470000;21-28
